{
  "n_estimators": 100,
  "feature_names": [
    "NumDots",
    "SubdomainLevel",
    "PathLevel",
    "UrlLength",
    "NumDash",
    "NumDashInHostname",
    "AtSymbol",
    "NumUnderscore",
    "NumPercent",
    "NumQueryComponents",
    "NumAmpersand",
    "NumHash",
    "NumNumericChars",
    "NoHttps",
    "IpAddress",
    "HostnameLength",
    "PathLength",
    "QueryLength",
    "DoubleSlashInPath",
    "NumSensitiveWords"
  ],
  "feature_importances": {
    "NumDots": 0.09298917333852037,
    "SubdomainLevel": 0.03622375667431954,
    "PathLevel": 0.09897612193995554,
    "UrlLength": 0.08634185823361865,
    "NumDash": 0.16352734260520702,
    "NumDashInHostname": 0.022902860136096083,
    "AtSymbol": 0.00033558922510975426,
    "NumUnderscore": 0.03473843908516096,
    "NumPercent": 0.009462293444775902,
    "NumQueryComponents": 0.03136814349774768,
    "NumAmpersand": 0.010801458616362631,
    "NumHash": 0.0005578663186768136,
    "NumNumericChars": 0.1445939292127359,
    "NoHttps": 0.002822766309325556,
    "IpAddress": 0.009594399479839108,
    "HostnameLength": 0.0644984970740279,
    "PathLength": 0.10397888270324945,
    "QueryLength": 0.04051656364490233,
    "DoubleSlashInPath": 7.978842246483272e-05,
    "NumSensitiveWords": 0.045690270037904185
  },
  "scaler_mean": [
    2.4495,
    0.586125,
    3.3005,
    70.234125,
    1.806875,
    0.134375,
    0.000375,
    0.3175,
    0.076,
    0.461,
    0.281,
    0.002125,
    5.782875,
    0.989,
    0.016375,
    18.81475,
    35.5475,
    8.60675,
    0.001,
    0.108625
  ],
  "scaler_scale": [
    1.3357394019792932,
    0.7406635433008701,
    1.881940421479915,
    33.30526325499282,
    3.093675441020761,
    0.5350872446386664,
    0.019361285468687248,
    1.092906103011599,
    0.6524752868883235,
    1.3484172202994147,
    1.1242948901422616,
    0.046048717408848645,
    9.549226761072072,
    0.10430244484191156,
    0.12691280225020643,
    8.063478308862745,
    24.639886236547444,
    24.18608803501509,
    0.03160696125855822,
    0.3658218273627204
  ],
  "model_type": "random_forest",
  "n_features": 20
}